{"schemaVersion":"1.0","appDefinitionTemplate":{"id":"/providers/Microsoft.PowerApps/apps/","type":"Microsoft.PowerApps/apps","tags":{"primaryDeviceWidth":"1366","primaryDeviceHeight":"768","supportsPortrait":"true","supportsLandscape":"true","primaryFormFactor":"Tablet","publisherVersion":"3.23044.17","minimumRequiredApiVersion":"2.2.0","hasComponent":"false","hasUnlockedComponent":"false","isUnifiedRootApp":"false","sienaVersion":"20230511T125605Z-3.23044.17.0"},"properties":{"appVersion":"2023-05-11T12:56:05Z","lifeCycleId":"Published","createdByClientVersion":{"major":3,"minor":23044,"build":17,"revision":0,"majorRevision":0,"minorRevision":0},"minClientVersion":{"major":3,"minor":23044,"build":17,"revision":0,"majorRevision":0,"minorRevision":0},"backgroundColor":"rgba(245, 245, 245, 1)","backgroundImageUri":"/7904466821803386787/N15edd907-8f3b-449f-9ea7-4492d670199a-logoSmallFile","displayName":"Controle Dispositivo Crítico","description":"","commitMessage":"","appUris":{"documentUri":{"value":"/7904466821803386787/Nd6bff82c-1819-44c0-8d8a-5d5f16e54500-document.msapp"},"imageUris":[],"additionalUris":[]},"createdTime":"0001-01-01T00:00:00Z","lastModifiedTime":"0001-01-01T00:00:00Z","sharedGroupsCount":0,"sharedUsersCount":0,"connectionReferences":{"45e5baf5-2569-47f5-a577-67100893bba8":{"id":"cea02a40-9035-4f79-9750-74578af3b3f1","displayName":"SharePoint","iconUri":"https://connectoricons-prod.azureedge.net/releases/v1.0.1627/1.0.1627.3238/sharepointonline/icon.png","dataSources":["Dispositivo Crítrico - Elevadores"],"dependencies":[],"dependents":[],"parameterHints":{},"parameterHintsV2":{},"isOnPremiseConnection":false,"bypassConsent":false,"dataSets":{"https://cargillonline.sharepoint.com/sites/Melhoria_Continua":{"dataSources":{"Dispositivo Crítrico - Elevadores":{"tableName":"32fb7dfe-668a-4048-bba2-d18c24e84aa4"}}}},"apiTier":"Standard","isCustomApiConnection":false,"actions":["providers/PowerPlatform.Governance/Operations/Read","providers/PowerPlatform.Governance/Operations/Write"]}},"databaseReferences":{},"almMode":"Environment","performanceOptimizationEnabled":true,"canConsumeAppPass":true,"enableModernRuntimeMode":false,"executionRestrictions":{"isTeamsOnly":false,"dataLossPreventionEvaluationResult":{"status":"Compliant","lastEvaluationDate":"2023-03-29T14:54:38.7037386Z","violations":[],"violationsByPolicy":[],"violationErrorMessage":"The app uses the following connectors: ."}}},"appType":"ClassicCanvasApp","appComponents":[]}}